<?xml version="1.0" encoding="UTF-8"?>
<beans xmlns="http://www.springframework.org/schema/beans"
   xmlns:xsi="http://www.w3.org/2001/XMLSchema-instance"
   xmlns:context="http://www.springframework.org/schema/context"
   xmlns:jdbc="http://www.springframework.org/schema/jdbc"
   xmlns:tx="http://www.springframework.org/schema/tx"
   xsi:schemaLocation="http://www.springframework.org/schema/beans http://www.springframework.org/schema/beans/spring-beans-2.5.xsd
      http://www.springframework.org/schema/context http://www.springframework.org/schema/context/spring-context-2.5.xsd
      http://www.springframework.org/schema/jdbc http://www.springframework.org/schema/jdbc/spring-jdbc-3.0.xsd
      http://www.springframework.org/schema/tx http://www.springframework.org/schema/tx/spring-tx-2.5.xsd">
   
   <!-- SURF: required infrastructure imports -->
   <import resource="surf-config.xml"/>
   
   <!-- Maps requests to @Controllers based on @RequestMapping("path") annotation values
        If no annotation-based path mapping is found, Spring MVC sends a 404 response and logs a pageNotFound warning. -->
   <bean class="org.springframework.web.servlet.mvc.annotation.DefaultAnnotationHandlerMapping">
      <property name="order" value="1" />
      
      <!-- SURF: required interceptors -->
      <property name="interceptors">
         <list>
            <ref bean="requestContextInterceptor"/>
            <ref bean="themeInterceptor"/>
         </list>
      </property>
   </bean>
   
   <!-- SURF: interoperability with annotated controllers -->
   <!-- Enables annotated @Controllers; responsible for invoking an annotated POJO @Controller when one is mapped. -->
   <bean id="annotationMethodHandlerAdapter" class="org.springframework.web.servlet.mvc.annotation.AnnotationMethodHandlerAdapter"/>
   
   <!-- SURF: interoperability with simple controllers -->
   <!-- Support for Default Surf Controllers -->
   <bean id="simpleControllerHandlerAdapter" class="org.springframework.web.servlet.mvc.SimpleControllerHandlerAdapter"/>  

</beans>